Username,Date,Day,Time,version,task,pass,Components,Connectors,Edges,r1,t1,r2,t2,r3,t3,r4,t4,r5,t5,r6,t6,r7,t7,r8,t8
20192017,2022:02:22,화,10:19:25 AM,version=0.1,Test,,Start,,,,,,,,,,,,,,,,,,
20192017,2022:02:22,화,10:20:59 AM,version=0.1,Test,0,3,16,8,0.003274639,176,0.002807025,176,0.00470764,176,0.004072224,178.496,0.004266316,178.496,0.003893587,178.496,0.06931917,3.397708,0.07603655,3.397708
20192017,2022:02:22,화,10:22:19 AM,version=0.1,Test,0,3,16,8,0.002950954,177.4069,0.004250879,177.4069,0.002260258,177.4069,0.00474627,176.8804,0.00623641,176.8804,0.003559229,176.8804,0.07942335,1.1366,0.0687946,1.1366
20192017,2022:02:22,화,10:24:08 AM,version=0.1,Test,0,3,16,8,0.008351405,179.4013,0.01112848,179.4013,0.005626417,179.4013,0.005781188,179.4564,0.006696013,179.4564,0.005442939,179.4564,0.06884252,0.9354453,0.07252803,0.9354453
20155428,2022:02:22,화,11:44:11 AM,version=0.1,Test,,Start,,,,,,,,,,,,,,,,,,
20155428,2022:02:22,화,11:46:28 AM,version=0.1,Test,0,3,16,8,0.004443756,176.7031,0.005669359,176.7031,0.003439932,176.7031,0.003044471,175.4717,0.006199916,175.4717,0.000371755,175.4717,0.07250457,2.075092,0.08291013,2.075092
20155428,2022:02:22,화,11:47:59 AM,version=0.1,Test,0,3,16,8,0.004922094,178.9495,0.006161833,178.9495,0.00408456,178.9495,0.005212578,176.9435,0.006425579,176.9435,0.00453054,176.9435,0.0829779,2.019164,0.06599414,2.019164
20155428,2022:02:22,화,11:50:00 AM,version=0.1,Test,0,3,16,8,0.001700244,179.5511,0.001837679,179.5511,0.001716503,179.5511,0.001748774,178.3206,0.002898345,178.3206,0.001435446,178.3206,0.08037642,1.931379,0.0693077,1.931379
20192001,2022:02:22,화,12:43:05 PM,version=0.1,Test,,Start,,,,,,,,,,,,,,,,,,
20192001,2022:02:22,화,12:44:51 PM,version=0.1,Test,0,3,16,8,0.007072715,177.2731,0.008566633,177.2731,0.006687499,177.2731,0.005055903,179.2462,0.00549486,179.2462,0.006781286,179.2462,0.05687718,3.289084,0.09207603,3.289084
20192001,2022:02:22,화,12:46:54 PM,version=0.1,Test,0,3,16,8,0.002989039,176.1126,0.002345343,176.1126,0.003774214,176.1126,0.002036186,177.9072,0.000861107,177.9072,0.003255461,177.9072,0.05895361,5.452981,0.09339271,5.452981
20192001,2022:02:22,화,12:48:18 PM,version=0.1,Test,0,3,16,8,0.001708804,177.7378,0.001924076,177.7378,0.001775744,177.7378,0.003021687,179.6948,0.002710704,179.6948,0.003565237,179.6948,0.06693894,2.339837,0.08114329,2.339837
20215578,2022:02:22,화,2:05:43 PM,version=0.1,Test,,Start,,,,,,,,,,,,,,,,,,
20215578,2022:02:22,화,2:08:06 PM,version=0.1,Test,0,3,16,8,0.005928225,178.8714,0.005942691,178.8714,0.006693619,178.8714,0.004194585,174.8607,0.004099417,174.8607,0.004493247,174.8607,0.06446283,4.805015,0.09156972,4.805015
20215578,2022:02:22,화,2:10:05 PM,version=0.1,Test,0,3,16,8,0.005075419,176.9525,0.006795973,176.9525,0.003556464,176.9525,0.003813534,179.2764,0.003705014,179.2764,0.005542455,179.2764,0.08768678,3.092628,0.05874512,3.092628
20215578,2022:02:22,화,2:11:40 PM,version=0.1,Test,0,3,16,8,0.001826326,178.704,0.001533585,178.704,0.002622735,178.704,0.009171897,176.6207,0.009181145,176.6207,0.009288685,176.6207,0.04831572,4.446733,0.09837333,4.446733
20182033,2022:02:22,화,2:41:18 PM,version=0.1,Test,,Start,,,,,,,,,,,,,,,,,,
20182033,2022:02:22,화,2:45:19 PM,version=0.1,Test,0,3,16,5,0.004564526,177.2182,0.006193568,177.2182,0.003992116,177.2182,0.01339465,177.1504,0.0755557,3.961755,,,,,,
20182033,2022:02:22,화,2:48:00 PM,version=0.1,Test,0,3,16,8,0.005663508,176.3187,0.00576347,176.3187,0.0055813,176.3187,0.004232703,178.626,0.004085668,178.626,0.004506386,178.626,0.05522542,4.556339,0.09554646,4.556339
20182033,2022:02:22,화,2:50:54 PM,version=0.1,Test,0,3,16,8,0.007611737,177.3441,0.007327203,177.3441,0.008032336,177.3441,0.003688788,176.2377,0.0074303,176.2377,0.003097927,176.2377,0.09125428,1.977343,0.08083047,1.977343
20192017,2022:02:23,수,11:28:23 AM,version=0.1,Test,,Start,,,,,,,,,,,,,,,,,,
20192017,2022:02:23,수,11:29:55 AM,version=0.1,Test,0,3,16,8,0.002704212,175.659,0.00230001,175.659,0.006345242,175.659,0.004956558,175.7059,0.005045514,175.7059,0.004973018,175.7059,0.06524187,2.596537,0.09441051,2.596537
20192017,2022:02:23,수,11:31:34 AM,version=0.1,Test,0,3,16,3,0.01528971,179.8405,0.07132038,2.981109,0.08286876,2.981109,,,,,,,,,,
20192017,2022:02:23,수,11:33:56 AM,version=0.1,Test,0,3,16,8,0.003367962,178.2258,0.004437947,178.2258,0.003357831,178.2258,0.003748456,175.5223,0.003731064,175.5223,0.004842813,175.5223,0.07288309,4.235864,0.077416,4.235864
20192017,2022:02:23,수,11:35:41 AM,version=0.1,Test,0,3,16,8,0.002228555,176.2023,0.004324635,176.2023,0.000914212,176.2023,0.004089609,177.2246,0.002410199,177.2246,0.005915181,177.2246,0.06444133,5.985105,0.08324488,5.985105
20155428,2022:02:23,수,12:32:42 PM,version=0.1,Test,,Start,,,,,,,,,,,,,,,,,,
20155428,2022:02:23,수,12:33:59 PM,version=0.1,Test,0,3,16,8,0.00216391,177.7038,0.002819997,177.7038,0.004524258,177.7038,0.005093085,177.72,0.007957728,177.72,0.002243633,177.72,0.06388059,1.93967,0.08619449,1.93967
20155428,2022:02:23,수,12:35:32 PM,version=0.1,Test,0,3,16,8,0.002371623,179.3347,0.002444001,179.3347,0.002719897,179.3347,0.002143435,177.5962,0.003076707,177.5962,0.001737324,177.5962,0.07454937,1.946218,0.07524958,1.946218
20155428,2022:02:23,수,12:36:54 PM,version=0.1,Test,0,3,16,8,0.001662958,178.466,0.002743916,178.466,0.003191146,178.466,0.005400143,178.3059,0.006471294,178.3059,0.004416369,178.3059,0.06400601,1.629188,0.08511903,1.629188
20155428,2022:02:23,수,12:38:11 PM,version=0.1,Test,0,3,16,8,0.001808671,177.5622,0.00229662,177.5622,0.002285795,177.5622,0.003168678,177.314,0.00240944,177.314,0.004412767,177.314,0.07555249,1.189597,0.07103152,1.189597
20192001,2022:02:23,수,1:24:35 PM,version=0.1,Test,,Start,,,,,,,,,,,,,,,,,,
20192001,2022:02:23,수,1:25:43 PM,version=0.1,Test,0,3,16,8,0.005647631,177.703,0.007146495,177.703,0.00428468,177.703,0.005836825,178.2594,0.006564676,178.2594,0.005114888,178.2594,0.08671719,1.94491,0.06653396,1.94491
20192001,2022:02:23,수,1:26:52 PM,version=0.1,Test,0,3,16,8,0.002980793,178.757,0.003674457,178.757,0.002566094,178.757,0.005915741,178.0156,0.007414289,178.0156,0.005214506,178.0156,0.07118637,0.745461,0.07741909,0.745461
20192001,2022:02:23,수,1:27:59 PM,version=0.1,Test,0,3,16,8,0.00627452,178.4246,0.007537806,178.4246,0.00568722,178.4246,0.003615492,178.6285,0.002864255,178.6285,0.004396888,178.6285,0.0748076,0.2349025,0.07672609,0.2349025
20192001,2022:02:23,수,1:28:57 PM,version=0.1,Test,0,3,16,8,0.002367832,178.571,0.004540385,178.571,0.001518571,178.571,0.002240279,178.5016,0.002746158,178.5016,0.001868605,178.5016,0.08269193,2.379404,0.07121707,2.379404
20215578,2022:02:23,수,2:22:06 PM,version=0.1,Test,,Start,,,,,,,,,,,,,,,,,,
20215578,2022:02:23,수,2:24:28 PM,version=0.1,Test,0,3,16,8,0.001595029,177.5157,0.001936971,177.5157,0.00248518,177.5157,0.00163105,176.5544,0.002525695,176.5544,0.002572537,176.5544,0.06627433,5.923542,0.09527962,5.923542
20215578,2022:02:23,수,2:27:01 PM,version=0.1,Test,0,3,16,8,0.002449187,178.4614,0.002284703,178.4614,0.00282427,178.4614,0.003992966,178.2862,0.004715293,178.2862,0.003362328,178.2862,0.06442434,2.790919,0.08450335,2.790919
20215578,2022:02:23,수,2:28:23 PM,version=0.1,Test,0,3,16,5,0.007166851,178.7744,0.009114078,178.7744,0.005248765,178.7744,0.07502592,2.854373,0.08883846,2.854373,,,,,,
20215578,2022:02:23,수,2:30:39 PM,version=0.1,Test,0,3,16,8,0.002911725,178.8283,0.003265273,178.8283,0.002770397,178.8283,0.003212709,177.3795,0.002563768,177.3795,0.004393034,177.3795,0.06641001,2.795824,0.08721699,2.795824
20182033,2022:02:23,수,4:01:00 PM,version=0.1,Test,,Start,,,,,,,,,,,,,,,,,,
20182033,2022:02:23,수,4:04:02 PM,version=0.1,Test,0,3,16,8,0.008404598,178.6324,0.008395417,178.6324,0.008413986,178.6324,0.006870167,178.7616,0.006784928,178.7616,0.007088533,178.7616,0.087902,2.152314,0.06348541,2.152314
20182033,2022:02:23,수,4:07:18 PM,version=0.1,Test,0,3,16,8,0.002026619,178.7757,0.000751934,178.7757,0.003451178,178.7757,0.004389058,178.242,0.004447735,178.242,0.00434606,178.242,0.07151141,2.604966,0.08433655,2.604966
20182033,2022:02:23,수,4:11:12 PM,version=0.1,Test,0,3,16,8,0.00136966,178.9358,0.001550941,178.9358,0.003872992,178.9358,0.003956523,178.6814,0.002663777,178.6814,0.007347885,178.6814,0.07866311,1.449694,0.07585137,1.449694
20182033,2022:02:23,수,4:13:10 PM,version=0.1,Test,0,3,16,8,0.004703651,176.7341,0.004818968,176.7341,0.00461146,176.7341,0.003693317,178.8888,0.004554702,178.8888,0.002952489,178.8888,0.06812439,2.165821,0.08777452,2.165821
20155428,2022:02:24,목,9:56:49 AM,version=0.1,Test,,Start,,,,,,,,,,,,,,,,,,
20155428,2022:02:24,목,9:58:26 AM,version=0.1,Test,0,3,16,8,0.001588532,177.3923,0.001413714,177.3923,0.001799388,177.3923,0.001719154,178.804,0.002467139,178.804,0.001187059,178.804,0.06682426,1.500374,0.08277529,1.500374
20155428,2022:02:24,목,9:59:44 AM,version=0.1,Test,0,3,16,8,0.002202401,179.4543,0.001590077,179.4543,0.003237917,179.4543,0.001637648,178.6159,0.003223789,178.6159,0.001508438,178.6159,0.06910384,1.13746,0.08023088,1.13746
20155428,2022:02:24,목,10:01:34 AM,version=0.1,Test,0,3,16,8,0.001458401,176.1321,0.001983263,176.1321,0.001351682,176.1321,0.001740919,178.7866,0.001175151,178.7866,0.002858018,178.7866,0.0691577,2.916516,0.08659642,2.916516
20155428,2022:02:24,목,10:03:57 AM,version=0.1,Test,0,3,16,8,0.001824726,179.2426,0.00194101,179.2426,0.002596856,179.2426,0.004564346,177.8124,0.004369472,177.8124,0.005510134,177.8124,0.0784594,2.940114,0.07073908,2.940114
20155428,2022:02:24,목,10:05:32 AM,version=0.1,Test,0,3,16,8,0.003131607,179.1781,0.002419458,179.1781,0.003869607,179.1781,0.002283504,178.5676,0.002844162,178.5676,0.001954652,178.5676,0.06720391,1.844405,0.08615155,1.844405
20182033,2022:02:24,목,11:04:46 AM,version=0.1,Test,,Start,,,,,,,,,,,,,,,,,,
20182033,2022:02:24,목,11:18:56 AM,version=0.1,Test,0,3,16,8,0.002501755,178.8416,0.003509767,178.8416,0.00167187,178.8416,0.009374722,178.4866,0.01092738,178.4866,0.008458757,178.4866,0.08167296,0.8035691,0.07337538,0.8035691
20182033,2022:02:24,목,11:21:09 AM,version=0.1,Test,0,3,16,8,0.003779132,178.7362,0.004886522,178.7362,0.003000316,178.7362,0.002493207,177.2439,0.005272709,177.2439,0.000553563,177.2439,0.06570137,3.605815,0.09146972,3.605815
20182033,2022:02:24,목,11:22:14 AM,version=0.1,Test,0,3,16,8,0.00316035,179.6179,0.003951087,179.6179,0.002437169,179.6179,0.003427006,178.6495,0.004500084,178.6495,0.00237772,178.6495,0.06848121,1.365444,0.08392414,1.365444
20182033,2022:02:24,목,11:23:52 AM,version=0.1,Test,0,3,16,8,0.005385237,178.7746,0.00404113,178.7746,0.007512617,178.7746,0.005225936,177.7442,0.004756867,177.7442,0.005813653,177.7442,0.07352923,1.083901,0.080525,1.083901
20182033,2022:02:24,목,11:25:44 AM,version=0.1,Test,0,3,16,8,0.001457869,178.9297,0.000863933,178.9297,0.002107852,178.9297,0.002638766,178.8562,0.002531691,178.8562,0.002746798,178.8562,0.07646065,0.07401875,0.07574948,0.07401875
20215578,2022:02:24,목,12:14:50 PM,version=0.1,Test,,Start,,,,,,,,,,,,,,,,,,
20215578,2022:02:24,목,12:18:52 PM,version=0.1,Test,0,3,16,7,0.003565421,175.0765,0.005919919,175.0765,0.002666193,175.0765,0.003343465,178.1221,0.004956581,178.1221,0.002122878,178.1221,0.04312478,6.725637,,
20215578,2022:02:24,목,12:19:43 PM,version=0.1,Test,0,3,16,8,0.003859864,179.4995,0.003526184,179.4995,0.004204631,179.4995,0.007894859,176.4864,0.008076051,176.4864,0.0077184,176.4864,0.05859349,4.012638,0.09549035,4.012638
20215578,2022:02:24,목,12:20:42 PM,version=0.1,Test,0,3,16,8,0.003293928,178.0311,0.00306892,178.0311,0.003532498,178.0311,0.00597538,179.0564,0.007589727,179.0564,0.004652782,179.0564,0.09107402,2.076034,0.06661563,2.076034
20215578,2022:02:24,목,12:21:47 PM,version=0.1,Test,0,3,16,8,0.005480854,179.8972,0.00677854,179.8972,0.004267658,179.8972,0.005676722,177.776,0.005436604,177.776,0.005953658,177.776,0.06837533,2.141831,0.08990494,2.141831
20215578,2022:02:24,목,12:23:23 PM,version=0.1,Test,0,3,16,8,0.003564312,179.4902,0.003556192,179.4902,0.0035725,179.4902,0.003824873,178.996,0.004501308,178.996,0.003239074,178.996,0.06969421,1.15012,0.08053292,1.15012
20192017,2022:02:24,목,12:53:46 PM,version=0.1,Test,,Start,,,,,,,,,,,,,,,,,,
20192017,2022:02:24,목,12:54:49 PM,version=0.1,Test,0,3,16,8,0.004004432,177.3679,0.004991657,177.3679,0.003590497,177.3679,0.004967706,177.0511,0.005471146,177.0511,0.005028838,177.0511,0.08379884,2.150404,0.06699727,2.150404
20192017,2022:02:24,목,12:55:29 PM,version=0.1,Test,0,3,16,8,0.00607471,175.4286,0.005445803,175.4286,0.007835966,175.4286,0.005192118,176.7609,0.004671082,176.7609,0.005869274,176.7609,0.07309597,2.68358,0.08006684,2.68358
20192017,2022:02:24,목,12:56:17 PM,version=0.1,Test,0,3,16,8,0.002489202,178.3216,0.003337109,178.3216,0.002397964,178.3216,0.004114964,175.8491,0.004134938,175.8491,0.00413058,175.8491,0.06943043,2.733947,0.08691321,2.733947
20192017,2022:02:24,목,12:56:54 PM,version=0.1,Test,0,3,16,8,0.003432609,178.1917,0.003606537,178.1917,0.004986882,178.1917,0.004752108,177.1952,0.004952016,177.1952,0.005332698,177.1952,0.06088722,2.151314,0.08527411,2.151314
20192017,2022:02:24,목,12:57:55 PM,version=0.1,Test,0,3,16,8,0.003385494,175.9804,0.003102407,175.9804,0.004359863,175.9804,0.004051182,173.4793,0.004666608,173.4793,0.005731481,173.4793,0.07438421,2.5994,0.08159126,2.5994
20192001,2022:02:24,목,2:19:35 PM,version=0.1,Test,,Start,,,,,,,,,,,,,,,,,,
20192001,2022:02:24,목,2:20:38 PM,version=0.1,Test,0,3,16,8,0.004526279,176.8411,0.006152965,176.8411,0.003119554,176.8411,0.002528201,178.4439,0.003553534,178.4439,0.001545672,178.4439,0.06982648,1.603765,0.08271904,1.603765
20192001,2022:02:24,목,2:21:44 PM,version=0.1,Test,0,3,16,8,0.002552648,178.4517,0.002969012,178.4517,0.002192226,178.4517,0.001857257,179.0432,0.000957864,179.0432,0.003747414,179.0432,0.07568169,1.276409,0.0828747,1.276409
20192001,2022:02:24,목,2:22:51 PM,version=0.1,Test,0,3,16,8,0.003844478,178.3747,0.004982211,178.3747,0.00283128,178.3747,0.001644517,179.6749,0.001482292,179.6749,0.00180936,179.6749,0.07415741,1.898883,0.08156011,1.898883
20192001,2022:02:24,목,2:23:47 PM,version=0.1,Test,0,3,16,8,0.001146967,178.5718,0.001539026,178.5718,0.001196487,178.5718,0.004718016,176.2623,0.009090321,176.2623,0.000709035,176.2623,0.08521046,5.161828,0.0723367,5.161828
20192001,2022:02:24,목,2:25:11 PM,version=0.1,Test,0,3,16,8,0.003220174,178.6559,0.003392069,178.6559,0.003094547,178.6559,0.004610792,177.4418,0.006574217,177.4418,0.003467318,177.4418,0.08190964,1.719194,0.07293016,1.719194
20182033,2022:02:25,금,11:56:14 AM,version=0.1,Test,,Start,,,,,,,,,,,,,,,,,,
20182033,2022:02:25,금,12:11:11 PM,version=0.1,Test,0,3,16,8,0.002497572,176.6064,0.004031452,176.6064,0.003736769,176.6064,0.009958131,176.1727,0.0109364,176.1727,0.009974108,176.1727,0.08761603,2.064122,0.06554628,2.064122
20182033,2022:02:25,금,12:13:27 PM,version=0.1,Test,0,3,16,8,0.00259801,177.4787,0.002537235,177.4787,0.00280485,177.4787,0.007203848,176.6753,0.007664637,176.6753,0.006932123,176.6753,0.0744596,1.163148,0.07305856,1.163148
20182033,2022:02:25,금,12:15:36 PM,version=0.1,Test,0,3,16,8,0.004217006,176.7486,0.006339718,176.7486,0.002837765,176.7486,0.004655601,176.593,0.007007611,176.593,0.002487332,176.593,0.05741131,3.521867,0.09115712,3.521867
20182033,2022:02:25,금,12:17:55 PM,version=0.1,Test,0,3,16,8,0.003745883,177.8928,0.004600755,177.8928,0.003966626,177.8928,0.008243025,178.7882,0.008898461,178.7882,0.007650319,178.7882,0.06100611,2.272106,0.08319359,2.272106
20182033,2022:02:25,금,12:19:47 PM,version=0.1,Test,0,3,16,8,0.000579365,178.3979,0.000729192,178.3979,0.000743374,178.3979,0.002340696,176.9469,0.002294961,176.9469,0.002422094,176.9469,0.06685816,1.678064,0.0854751,1.678064
20182033,2022:02:25,금,12:22:30 PM,version=0.1,Test,0,3,16,8,0.003117617,179.2632,0.003243428,179.2632,0.003038449,179.2632,0.002993339,178.3203,0.003007609,178.3203,0.003051992,178.3203,0.06625918,2.290038,0.09059059,2.290038
20215578,2022:02:25,금,1:14:09 PM,version=0.1,Test,,Start,,,,,,,,,,,,,,,,,,
20215578,2022:02:25,금,1:20:18 PM,version=0.1,Test,0,3,16,8,0.001859989,176.1553,0.002302326,176.1553,0.001870167,176.1553,0.007667913,177.1841,0.007937273,177.1841,0.007416003,177.1841,0.07588386,1.066429,0.06485911,1.066429
20215578,2022:02:25,금,1:21:12 PM,version=0.1,Test,0,3,16,8,0.004670208,177.7546,0.004538226,177.7546,0.005278627,177.7546,0.006204398,176.2969,0.006498455,176.2969,0.005929675,176.2969,0.05401837,3.282351,0.09174437,3.282351
20215578,2022:02:25,금,1:22:09 PM,version=0.1,Test,0,3,16,8,0.005547303,176.7325,0.004278945,176.7325,0.006839243,176.7325,0.004972155,175.6956,0.007409045,175.6956,0.003101509,175.6956,0.05981504,3.789616,0.09026598,3.789616
20215578,2022:02:25,금,1:23:44 PM,version=0.1,Test,0,3,16,7,0.003068669,175.2119,0.004835849,175.2119,0.001600348,175.2119,0.005446256,176.4662,0.005948423,176.4662,0.005275585,176.4662,0.05326753,8.294815,,
20215578,2022:02:25,금,1:24:47 PM,version=0.1,Test,0,3,16,8,0.003006713,179.429,0.003044143,179.429,0.003335925,179.429,0.003092198,178.3567,0.004050373,178.3567,0.002691963,178.3567,0.06795906,1.763252,0.08423018,1.763252
20215578,2022:02:25,금,1:25:47 PM,version=0.1,Test,0,3,16,8,0.005538078,177.5643,0.005747892,177.5643,0.005387235,177.5643,0.003499152,178.9969,0.002157785,178.9969,0.005096981,178.9969,0.06255611,3.40289,0.09596871,3.40289
20155428,2022:02:25,금,2:00:25 PM,version=0.1,Test,,Start,,,,,,,,,,,,,,,,,,
20155428,2022:02:25,금,2:01:36 PM,version=0.1,Test,0,3,16,8,0.004099612,175.3208,0.006355532,175.3208,0.004169585,175.3208,0.00431565,178.8142,0.004751533,178.8142,0.004656839,178.8142,0.06688958,5.71004,0.0889514,5.71004
20155428,2022:02:25,금,2:02:32 PM,version=0.1,Test,0,3,16,8,0.003976226,176.2915,0.003155984,176.2915,0.004863956,176.2915,0.002090002,178.2677,0.002582794,178.2677,0.002492069,178.2677,0.06919713,2.001152,0.09005852,2.001152
20155428,2022:02:25,금,2:03:36 PM,version=0.1,Test,0,3,16,8,0.002268405,179.6731,0.002591483,179.6731,0.002472428,179.6731,0.002678272,178.4176,0.002994996,178.4176,0.002437144,178.4176,0.07038117,1.849068,0.08652841,1.849068
20155428,2022:02:25,금,2:04:24 PM,version=0.1,Test,0,3,16,8,0.00252435,179.3442,0.003285052,179.3442,0.002102168,179.3442,0.003402785,178.7698,0.003834651,178.7698,0.003064939,178.7698,0.0708341,0.6158028,0.07694361,0.6158028
20155428,2022:02:25,금,2:05:04 PM,version=0.1,Test,0,3,16,8,0.001986701,179.2292,0.001931897,179.2292,0.002219344,179.2292,0.002150058,178.7584,0.002732011,178.7584,0.001819873,178.7584,0.07609174,0.4731261,0.07573699,0.4731261
20155428,2022:02:25,금,2:05:50 PM,version=0.1,Test,0,3,16,8,0.002995748,178.2432,0.003289932,178.2432,0.002771904,178.2432,0.004391544,178.4188,0.00415674,178.4188,0.004649775,178.4188,0.07726222,0.454995,0.07499385,0.454995
20192017,2022:02:25,금,2:37:38 PM,version=0.1,Test,,Start,,,,,,,,,,,,,,,,,,
20192017,2022:02:25,금,2:38:24 PM,version=0.1,Test,0,3,16,8,0.003250353,176.1265,0.004408365,176.1265,0.0043054,176.1265,0.003660063,177.9872,0.005029488,177.9872,0.002939664,177.9872,0.06637827,2.527084,0.08483686,2.527084
20192017,2022:02:25,금,2:39:08 PM,version=0.1,Test,0,3,16,8,0.002598931,177.6447,0.004044013,177.6447,0.002155916,177.6447,0.001935928,178.635,0.001902252,178.635,0.002244167,178.635,0.07368093,2.567579,0.08188112,2.567579
20192017,2022:02:25,금,2:39:44 PM,version=0.1,Test,0,3,16,8,0.002327936,178.2827,0.001346601,178.2827,0.003564136,178.2827,0.006139147,179.3466,0.006102219,179.3466,0.00620676,179.3466,0.07415219,1.066061,0.07977176,1.066061
20192017,2022:02:25,금,2:40:24 PM,version=0.1,Test,0,3,16,8,0.004032003,178.73,0.003602322,178.73,0.006111889,178.73,0.001564834,177.3183,0.004158245,177.3183,0.001619338,177.3183,0.06263765,3.066182,0.09192909,3.066182
20192017,2022:02:25,금,2:41:14 PM,version=0.1,Test,0,3,16,8,0.002820264,179.2609,0.003806195,179.2609,0.002563565,179.2609,0.003091638,177.4798,0.002747579,177.4798,0.003740109,177.4798,0.06935132,2.751077,0.08499421,2.751077
20192017,2022:02:25,금,2:42:11 PM,version=0.1,Test,0,3,16,8,0.00503691,178.2983,0.005609869,178.2983,0.004737823,178.2983,0.002714344,174.7807,0.002028074,174.7807,0.004621343,174.7807,0.07010088,6.269948,0.08720725,6.269948
20192001,2022:02:25,금,3:28:57 PM,version=0.1,Test,,Start,,,,,,,,,,,,,,,,,,
20192001,2022:02:25,금,3:30:24 PM,version=0.1,Test,0,3,16,8,0.003806328,179.5429,0.006185515,179.5429,0.001694709,179.5429,0.005419113,177.0751,0.008099453,177.0751,0.002741663,177.0751,0.05772898,2.948691,0.08851071,2.948691
20192001,2022:02:25,금,3:31:32 PM,version=0.1,Test,0,3,16,8,0.002090377,179.2506,0.000461438,179.2506,0.004169602,179.2506,0.003267856,176.232,0.001698346,176.232,0.007022066,176.232,0.07659139,3.616172,0.07423946,3.616172
20192001,2022:02:25,금,3:32:56 PM,version=0.1,Test,0,3,16,8,0.002678785,175.7911,0.004472777,175.7911,0.000990743,175.7911,0.005360839,177.5263,0.004858078,177.5263,0.00635362,177.5263,0.06460126,4.005066,0.0867402,4.005066
20192001,2022:02:25,금,3:34:09 PM,version=0.1,Test,0,3,16,8,0.002058257,178.0893,0.002918611,178.0893,0.001770667,178.0893,0.000644756,176.7811,0.002586985,176.7811,0.001551964,176.7811,0.06817029,4.190402,0.09158918,4.190402
20192001,2022:02:25,금,3:35:06 PM,version=0.1,Test,0,3,16,7,0.001363772,177.6124,0.000939894,177.6124,0.0019816,177.6124,0.001400226,176.5856,0.001101086,176.5856,0.001821457,176.5856,0.04913927,5.444026,,
20192001,2022:02:25,금,3:36:03 PM,version=0.1,Test,0,3,16,8,0.005237676,179.5281,0.005252887,179.5281,0.005224986,179.5281,0.00373168,178.3355,0.004083963,178.3355,0.003408654,178.3355,0.08570555,2.128173,0.06780098,2.128173
787,2022:03:07,월,9:56:55 AM,version=0.1,Test,,Start,,,,,,,,,,,,,,,,,,
787,2022:03:07,월,9:57:28 AM,version=0.1,Test,0,3,16,8,0.002610261,176.6678,0.002670917,176.6678,0.002762666,176.6678,0.005240885,176.7705,0.005428104,176.7705,0.005148863,176.7705,0.07116377,0.6661724,0.07438612,0.6661724
787,2022:03:07,월,9:57:34 AM,version=0.1,Test,0,1,6,0,,,,,,,,,,,,,,,,
20192014,2022:03:07,월,10:35:41 AM,version=0.1,Test,,Start,,,,,,,,,,,,,,,,,,
20192014,2022:03:07,월,10:39:16 AM,version=0.1,Test,0,3,16,7,0.006735845,179.0911,0.005148587,179.0911,0.00864151,179.0911,0.01154809,177.4171,0.008495037,177.4171,0.08754078,3.471247,0.07343453,3.471247,,
20192014,2022:03:07,월,10:41:21 AM,version=0.1,Test,0,3,16,8,0.003258086,176.2767,0.004938249,176.2767,0.003129374,176.2767,0.006875093,178.8157,0.00654878,178.8157,0.007305434,178.8157,0.06767599,2.87712,0.08138515,2.87712
20192014,2022:03:07,월,10:43:41 AM,version=0.1,Test,0,3,16,7,0.005838496,179.4401,0.004319626,179.4401,0.007398108,179.4401,0.01129164,177.7994,0.004885253,177.7994,0.09041768,2.720885,0.08807852,2.720885,,
20202023,2022:03:07,월,11:26:32 AM,version=0.1,Test,,Start,,,,,,,,,,,,,,,,,,
20202023,2022:03:07,월,11:32:24 AM,version=0.1,Test,0,3,16,8,0.00488562,178.7641,0.00596039,178.7641,0.004120574,178.7641,0.005516895,179.118,0.006470361,179.118,0.004910519,179.118,0.07041815,2.023134,0.08166412,2.023134
20202023,2022:03:07,월,11:35:45 AM,version=0.1,Test,0,3,16,8,0.005024272,178.6216,0.005126159,178.6216,0.005033001,178.6216,0.002661517,179.2601,0.002777261,179.2601,0.002644164,179.2601,0.08893255,1.375582,0.07380986,1.375582
20202023,2022:03:07,월,11:39:19 AM,version=0.1,Test,0,3,16,8,0.003599357,178.8419,0.002487533,178.8419,0.005082572,178.8419,0.001642055,178.1934,0.001493715,178.1934,0.002984562,178.1934,0.0738599,1.07611,0.08099988,1.07611
20182032,2022:03:07,월,12:45:42 PM,version=0.1,Test,,Start,,,,,,,,,,,,,,,,,,
20182032,2022:03:07,월,12:53:25 PM,version=0.1,Test,0,3,16,7,0.01350392,175.2377,0.01126823,175.2377,0.003346784,178.4216,0.002139981,178.4216,0.004942785,178.4216,0.09417812,5.982451,0.09633809,5.982451,,
20182032,2022:03:07,월,12:56:28 PM,version=0.1,Test,0,3,16,8,0.01281214,179.9209,0.01239507,179.9209,0.01324552,179.9209,0.003461859,176.5543,0.00312576,176.5543,0.004597962,176.5543,0.06897131,3.488968,0.0882226,3.488968
20182032,2022:03:07,월,12:58:20 PM,version=0.1,Test,0,3,16,7,0.008664696,173.4598,0.008687031,173.4598,0.009264537,173.4598,0.00513175,178.156,0.004685697,178.156,0.005878152,178.156,0.04476775,7.457562,,
20202033,2022:03:07,월,1:42:24 PM,version=0.1,Test,,Start,,,,,,,,,,,,,,,,,,
20202033,2022:03:07,월,1:48:01 PM,version=0.1,Test,0,3,16,8,0.002878319,178.0909,0.002700467,178.0909,0.003185552,178.0909,0.002670802,178.8419,0.002415188,178.8419,0.002948728,178.8419,0.07947589,0.774302,0.07274088,0.774302
20202033,2022:03:07,월,1:49:45 PM,version=0.1,Test,0,3,16,8,0.002734161,176.7922,0.002733585,176.7922,0.003323808,176.7922,0.004746196,177.3464,0.004514889,177.3464,0.005013738,177.3464,0.07893658,0.8775957,0.06968898,0.8775957
20202033,2022:03:07,월,1:52:00 PM,version=0.1,Test,0,3,16,8,0.002394298,176.757,0.002449911,176.757,0.002529127,176.757,0.004684272,179.1184,0.004142302,179.1184,0.0053861,179.1184,0.08560677,2.741097,0.06739677,2.741097
20202016,2022:03:07,월,3:54:45 PM,version=0.1,Test,,Start,,,,,,,,,,,,,,,,,,
20202016,2022:03:07,월,4:00:17 PM,version=0.1,Test,0,3,16,6,0.0079701,177.586,0.01486719,177.586,0.01240101,177.586,0.01238685,178.3238,0.003907739,178.3238,0.05868831,4.087009,,,,
20202016,2022:03:07,월,4:02:01 PM,version=0.1,Test,0,3,16,8,0.004390157,178.7886,0.003365629,178.7886,0.01188984,178.7886,0.00456136,177.9114,0.002166401,177.9114,0.007262516,177.9114,0.07540902,3.088574,0.09999882,3.088574
20202016,2022:03:07,월,4:05:01 PM,version=0.1,Test,0,3,16,8,0.003868389,177.5483,0.00498988,177.5483,0.002987029,177.5483,0.001489308,177.1218,0.002109577,177.1218,0.001771513,177.1218,0.06960471,1.398018,0.08145855,1.398018
20192014,2022:03:08,화,11:20:56 AM,version=0.1,Test,,Start,,,,,,,,,,,,,,,,,,
20192014,2022:03:08,화,11:23:12 AM,version=0.1,Test,0,3,16,8,0.004093171,179.698,0.001081497,179.698,0.007673065,179.698,0.0044025,179.0254,0.002715264,179.0254,0.006587306,179.0254,0.06890712,1.275796,0.08233248,1.275796
20192014,2022:03:08,화,11:24:56 AM,version=0.1,Test,0,3,16,8,0.009306194,179.2207,0.009487446,179.2207,0.009147804,179.2207,0.00976317,177.9128,0.009208635,177.9128,0.01040538,177.9128,0.06837786,2.18919,0.08968754,2.18919
20192014,2022:03:08,화,11:27:05 AM,version=0.1,Test,0,3,16,8,0.008889501,179.1226,0.007837375,179.1226,0.01023604,179.1226,0.00324773,179.4349,0.003490887,179.4349,0.003134628,179.4349,0.08081946,0.4187142,0.08190703,0.4187142
20202033,2022:03:08,화,12:48:38 PM,version=0.1,Test,,Start,,,,,,,,,,,,,,,,,,
20202033,2022:03:08,화,12:52:01 PM,version=0.1,Test,0,3,16,8,0.001793875,179.4593,0.001862822,179.4593,0.001794476,179.4593,0.001233874,178.8117,0.001569415,178.8117,0.0009364,178.8117,0.07087626,0.6501176,0.0781202,0.6501176
20202033,2022:03:08,화,12:53:45 PM,version=0.1,Test,0,3,16,7,0.002236793,176.5896,0.003116772,176.5896,0.003334765,176.5896,0.003060106,177.6591,0.00272668,177.6591,0.003573478,177.6591,0.0567395,5.648716,,
20202033,2022:03:08,화,12:55:17 PM,version=0.1,Test,0,3,16,8,0.003681788,179.5298,0.004019835,179.5298,0.00344839,179.5298,0.002221387,177.3982,0.004076375,177.3982,0.000948333,177.3982,0.06718817,2.372236,0.09267532,2.372236
20182032,2022:03:08,화,1:55:58 PM,version=0.1,Test,,Start,,,,,,,,,,,,,,,,,,
20182032,2022:03:08,화,2:00:08 PM,version=0.1,Test,0,3,16,7,0.003297229,176.8539,0.002651644,176.8539,0.004453183,176.8539,0.004560465,176.2547,0.004211175,176.2547,0.006300151,176.2547,0.05099045,6.315096,,
20182032,2022:03:08,화,2:02:13 PM,version=0.1,Test,0,3,16,7,0.000771012,179.749,0.002801719,179.749,0.001581348,179.749,0.005243273,174.0693,0.006945441,174.0693,0.003946161,174.0693,0.0648253,5.8523,,
20182032,2022:03:08,화,2:04:52 PM,version=0.1,Test,0,3,16,7,0.003110129,173.7948,0.002632972,173.7948,0.006129912,173.7948,0.006356975,178.2346,0.007763924,178.2346,0.005066086,178.2346,0.06318748,4.909317,,
20202016,2022:03:08,화,2:34:02 PM,version=0.1,Test,,Start,,,,,,,,,,,,,,,,,,
20202016,2022:03:08,화,2:36:10 PM,version=0.1,Test,0,3,16,8,0.0057515,177.8285,0.01051466,177.8285,0.01121339,177.8285,0.005288902,178.7855,0.00345623,178.7855,0.01237879,178.7855,0.06677497,1.754574,0.08587476,1.754574
20202016,2022:03:08,화,2:37:19 PM,version=0.1,Test,0,3,16,8,0.003212207,176.7511,0.009226677,176.7511,0.007472319,176.7511,0.004174002,178.1753,0.006920168,178.1753,0.007919075,178.1753,0.06428929,3.114202,0.08343276,3.114202
20202016,2022:03:08,화,2:40:28 PM,version=0.1,Test,0,3,16,8,0.003978524,177.8655,0.003895815,177.8655,0.004609677,177.8655,0.004607752,176.9174,0.004517751,176.9174,0.005577196,176.9174,0.07187388,0.9673254,0.07481743,0.9673254
20202023,2022:03:08,화,3:09:33 PM,version=0.1,Test,,Start,,,,,,,,,,,,,,,,,,
20202023,2022:03:08,화,3:11:16 PM,version=0.1,Test,0,3,16,8,0.001591234,179.5546,0.001050652,179.5546,0.002236507,179.5546,0.000599657,177.5574,0.000956879,177.5574,0.001850844,177.5574,0.07325093,2.681975,0.08241048,2.681975
20202023,2022:03:08,화,3:12:54 PM,version=0.1,Test,0,3,16,8,0.004814103,178.5277,0.005403324,178.5277,0.004700187,178.5277,0.00145383,178.1932,0.001252217,178.1932,0.002766626,178.1932,0.07872423,0.7113441,0.07317729,0.7113441
20202023,2022:03:08,화,3:15:08 PM,version=0.1,Test,0,3,16,8,0.001263601,179.0654,0.001489105,179.0654,0.001404357,179.0654,0.003641785,176.9903,0.004197341,176.9903,0.00374935,176.9903,0.07694744,2.429144,0.07688691,2.429144
20202016,2022:03:09,수,10:39:07 AM,version=0.1,Test,,Start,,,,,,,,,,,,,,,,,,
20202016,2022:03:09,수,10:40:48 AM,version=0.1,Test,0,3,16,8,0.00458277,175.6423,0.002103161,175.6423,0.007502144,175.6423,0.003855323,175.0703,0.002175212,175.0703,0.007790108,175.0703,0.0689748,1.996158,0.08853228,1.996158
20202016,2022:03:09,수,10:42:15 AM,version=0.1,Test,0,3,16,8,0.009580742,177.3272,0.00923334,177.3272,0.01027078,177.3272,0.009633605,174.5661,0.01080939,174.5661,0.009293521,174.5661,0.06367634,4.304524,0.08929649,4.304524
20202016,2022:03:09,수,10:43:24 AM,version=0.1,Test,0,3,16,7,0.00890872,177.2661,0.008645473,177.2661,0.009451914,177.2661,0.0130892,174.3635,0.01033933,174.3635,0.07326227,3.076317,0.0856276,3.076317,,
20202016,2022:03:09,수,10:45:42 AM,version=0.1,Test,0,3,16,8,0.01247338,179.3403,0.01320777,179.3403,0.01175402,179.3403,0.007001952,174.4964,0.0083939,174.4964,0.006601162,174.4964,0.0686054,4.914063,0.08440855,4.914063
20182032,2022:03:09,수,12:07:48 PM,version=0.1,Test,,Start,,,,,,,,,,,,,,,,,,
20182032,2022:03:09,수,12:10:28 PM,version=0.1,Test,0,3,16,7,0.00273481,177.1539,0.002326939,177.1539,0.003767999,177.1539,0.004280308,175.4148,0.006238211,175.4148,0.005216923,175.4148,0.05660624,6.058805,,
20182032,2022:03:09,수,12:12:55 PM,version=0.1,Test,0,3,16,7,0.004051859,175.8557,0.006588618,175.8557,0.004339604,175.8557,0.003029546,177.9681,0.004124146,177.9681,0.002068587,177.9681,0.06691547,5.878066,,
20182032,2022:03:09,수,12:14:26 PM,version=0.1,Test,0,3,16,8,0.002345888,177.554,0.00241384,177.554,0.00229508,177.554,0.002168613,178.2499,0.002177352,178.2499,0.005938583,178.2499,0.06931551,3.685677,0.09528874,3.685677
20182032,2022:03:09,수,12:16:05 PM,version=0.1,Test,0,3,16,8,0.00185662,179.9558,0.006708494,179.9558,0.00374572,179.9558,0.001206761,179.0359,0.001646225,179.0359,0.002423407,179.0359,0.07804275,0.9204736,0.08481725,0.9204736
20202023,2022:03:09,수,12:43:49 PM,version=0.1,Test,,Start,,,,,,,,,,,,,,,,,,
20202023,2022:03:09,수,12:46:22 PM,version=0.1,Test,0,3,16,8,0.00060348,178.7581,0.001310283,178.7581,0.001542291,178.7581,0.001295054,179.5211,0.001579318,179.5211,0.001261587,179.5211,0.07356749,1.250231,0.08087377,1.250231
20202023,2022:03:09,수,12:49:57 PM,version=0.1,Test,0,3,16,8,0.001740996,178.8945,0.000555655,178.8945,0.003144927,178.8945,0.00412493,179.9515,0.003736002,179.9515,0.004698056,179.9515,0.08156163,1.070275,0.07056382,1.070275
20202023,2022:03:09,수,12:51:43 PM,version=0.1,Test,0,3,16,8,0.003537999,177.7946,0.004625884,177.7946,0.003523112,177.7946,0.001231413,179.0492,0.001640952,179.0492,0.001460484,179.0492,0.0829447,3.152501,0.07027198,3.152501
20202023,2022:03:09,수,12:53:50 PM,version=0.1,Test,0,3,16,8,0.003191876,176.2278,0.004408553,176.2278,0.004714473,176.2278,0.000752138,178.6866,0.001830902,178.6866,0.0030668,178.6866,0.07230095,2.476069,0.0810511,2.476069
20192014,2022:03:09,수,1:30:32 PM,version=0.1,Test,,Start,,,,,,,,,,,,,,,,,,
20192014,2022:03:09,수,1:32:13 PM,version=0.1,Test,0,3,16,8,0.004804232,177.8521,0.006314247,177.8521,0.004234655,177.8521,0.01176039,178.6482,0.0117865,178.6482,0.01173469,178.6482,0.0751209,1.524826,0.08037031,1.524826
20192014,2022:03:09,수,1:33:09 PM,version=0.1,Test,0,3,16,8,0.002158462,178.1507,0.001857028,178.1507,0.002875709,178.1507,0.001807759,179.1846,0.001480377,179.1846,0.002272313,179.1846,0.06454441,2.525457,0.0908723,2.525457
20192014,2022:03:09,수,1:34:00 PM,version=0.1,Test,0,3,16,8,0.005322919,179.4868,0.005928988,179.4868,0.005155225,179.4868,0.002147676,178.6957,0.001865709,178.6957,0.003366526,178.6957,0.06864303,1.423816,0.08108204,1.423816
20192014,2022:03:09,수,1:35:00 PM,version=0.1,Test,0,3,16,8,0.005965431,178.8011,0.006071947,178.8011,0.005864312,178.8011,0.003351874,177.739,0.003413587,177.739,0.003291792,177.739,0.05889307,3.430853,0.0938197,3.430853
20202033,2022:03:09,수,3:29:24 PM,version=0.1,Test,,Start,,,,,,,,,,,,,,,,,,
20202033,2022:03:09,수,3:31:58 PM,version=0.1,Test,0,3,16,8,0.001994375,178.3883,0.001444232,178.3883,0.002948751,178.3883,0.001337705,178.5639,0.001162362,178.5639,0.002213525,178.5639,0.07423466,0.3232465,0.0776369,0.3232465
20202033,2022:03:09,수,3:34:21 PM,version=0.1,Test,0,3,16,8,0.001975836,179.0814,0.001703364,179.0814,0.002316134,179.0814,0.00373515,178.1879,0.004194778,178.1879,0.003548585,178.1879,0.05949337,2.723114,0.08981531,2.723114
20202033,2022:03:09,수,3:35:52 PM,version=0.1,Test,0,3,16,8,0.00104716,179.1665,0.001142512,179.1665,0.00095301,179.1665,0.00072286,178.7058,0.000866973,178.7058,0.000955338,178.7058,0.07358972,0.5654452,0.07942913,0.5654452
20202033,2022:03:09,수,3:37:13 PM,version=0.1,Test,0,3,16,8,0.002002694,178.68,0.00284574,178.68,0.001680776,178.68,0.001198711,178.6606,0.001700346,178.6606,0.000989135,178.6606,0.07546723,1.757137,0.07973271,1.757137
20202033,2022:03:10,목,10:37:48 AM,version=0.1,Test,,Start,,,,,,,,,,,,,,,,,,
20202033,2022:03:10,목,10:39:31 AM,version=0.1,Test,0,3,16,8,0.002491967,179.5643,0.002322719,179.5643,0.002704563,179.5643,0.000768803,178.5014,0.001270698,178.5014,0.001989194,178.5014,0.06584164,1.933404,0.08707604,1.933404
20202033,2022:03:10,목,10:40:27 AM,version=0.1,Test,0,3,16,8,0.001325529,177.737,0.001693602,177.737,0.001105348,177.737,0.000797917,177.3358,0.001972461,177.3358,0.001380539,177.3358,0.0718517,1.241435,0.07763415,1.241435
20202033,2022:03:10,목,10:42:17 AM,version=0.1,Test,0,3,16,8,0.000911325,179.4525,0.001272786,179.4525,0.000684151,179.4525,0.001844447,179.8442,0.002097344,179.8442,0.001850818,179.8442,0.07260548,0.4480613,0.07501879,0.4480613
20202033,2022:03:10,목,10:44:02 AM,version=0.1,Test,0,3,16,8,0.001652459,179.2361,0.001752333,179.2361,0.0022124,179.2361,0.003216646,178.5275,0.003023381,178.5275,0.003445396,178.5275,0.08283428,1.166172,0.07107037,1.166172
20202033,2022:03:10,목,10:45:49 AM,version=0.1,Test,0,3,16,8,0.003486635,178.1476,0.005544669,178.1476,0.003202442,178.1476,0.003705651,176.1066,0.005114786,176.1066,0.00342388,176.1066,0.06844615,5.742453,0.08931977,5.742453
20202016,2022:03:10,목,12:59:56 PM,version=0.1,Test,,Start,,,,,,,,,,,,,,,,,,
20202016,2022:03:10,목,1:01:02 PM,version=0.1,Test,0,3,16,5,0.003671442,178.4373,0.003538515,178.4373,0.003822854,178.4373,0.07399698,0.1008706,0.07698222,0.1008706,,,,,,
20202016,2022:03:10,목,1:01:50 PM,version=0.1,Test,0,3,16,8,0.008479966,179.6124,0.008584545,179.6124,0.008377082,179.6124,0.006056048,178.6158,0.00613388,178.6158,0.006095993,178.6158,0.07832683,1.090201,0.07489696,1.090201
20202016,2022:03:10,목,1:03:02 PM,version=0.1,Test,0,3,16,8,0.004764778,176.3189,0.003597402,176.3189,0.006216597,176.3189,0.01128719,178.0067,0.01227192,178.0067,0.01076079,178.0067,0.05696321,5.565741,0.09650122,5.565741
20202016,2022:03:10,목,1:04:08 PM,version=0.1,Test,0,3,16,5,0.006229229,175.695,0.008010458,175.695,0.004964412,175.695,0.06181569,7.003591,0.09451865,7.003591,,,,,,
20202016,2022:03:10,목,1:06:01 PM,version=0.1,Test,0,3,16,8,0.01074807,177.242,0.006772181,177.242,0.01496369,177.242,0.003999487,179.135,0.002607932,179.135,0.005402947,179.135,0.09122447,3.080132,0.07160656,3.080132
20202023,2022:03:10,목,1:43:19 PM,version=0.1,Test,,Start,,,,,,,,,,,,,,,,,,
20202023,2022:03:10,목,1:44:34 PM,version=0.1,Test,0,3,16,8,0.000536977,177.6694,0.001846822,177.6694,0.002601797,177.6694,0.001665432,178.7757,0.000218646,178.7757,0.003236653,178.7757,0.0787705,1.465803,0.071647,1.465803
20202023,2022:03:10,목,1:47:09 PM,version=0.1,Test,0,3,16,8,0.004765603,177.3314,0.00856395,177.3314,0.004737829,177.3314,0.008708257,175.9015,0.01136479,175.9015,0.0101021,175.9015,0.08243854,1.593236,0.07309485,1.593236
20202023,2022:03:10,목,1:49:04 PM,version=0.1,Test,0,3,16,8,0.003047926,179.3026,0.006719823,179.3026,0.001942118,179.3026,0.006584526,179.7459,0.009296292,179.7459,0.005057767,179.7459,0.07876795,0.6407191,0.07461308,0.6407191
20202023,2022:03:10,목,1:50:39 PM,version=0.1,Test,0,3,16,8,0.003702527,179.4308,0.003787857,179.4308,0.003654819,179.4308,0.003976041,179.1906,0.004631214,179.1906,0.003415811,179.1906,0.08459891,1.29074,0.07048439,1.29074
20202023,2022:03:10,목,1:53:02 PM,version=0.1,Test,0,3,16,8,0.002625217,179.4774,0.00328496,179.4774,0.002087566,179.4774,0.003580446,179.2043,0.002879476,179.2043,0.004616497,179.2043,0.07814485,0.301316,0.07693569,0.301316
20182032,2022:03:10,목,2:54:51 PM,version=0.1,Test,,Start,,,,,,,,,,,,,,,,,,
20182032,2022:03:10,목,2:57:02 PM,version=0.1,Test,0,3,16,8,0.001269377,178.3206,0.0020977,178.3206,0.001445228,178.3206,0.002167742,176.6612,0.003913499,176.6612,0.00180926,176.6612,0.07466079,4.263286,0.08653881,4.263286
20182032,2022:03:10,목,2:59:28 PM,version=0.1,Test,0,3,16,8,0.003961241,176.4324,0.003769805,176.4324,0.004375962,176.4324,0.005072461,178.8804,0.0052455,178.8804,0.005304653,178.8804,0.08981466,4.627112,0.0549847,4.627112
20182032,2022:03:10,목,3:00:54 PM,version=0.1,Test,0,3,16,8,0.001667851,177.4969,0.001786311,177.4969,0.003928787,177.4969,0.002050851,178.3585,0.002081705,178.3585,0.002020736,178.3585,0.06074237,4.138673,0.09536933,4.138673
20182032,2022:03:10,목,3:02:25 PM,version=0.1,Test,0,3,16,8,0.004071876,177.7062,0.003475646,177.7062,0.00504538,177.7062,0.003052355,178.702,0.002980227,178.702,0.003136872,178.702,0.06553707,2.180232,0.08438437,2.180232
20182032,2022:03:10,목,3:03:44 PM,version=0.1,Test,0,3,16,8,0.003155293,178.9458,0.003927211,178.9458,0.002839169,178.9458,0.004959667,176.7933,0.005200457,176.7933,0.00492532,176.7933,0.0807773,3.238517,0.06107519,3.238517
20192014,2022:03:10,목,3:48:11 PM,version=0.1,Test,,Start,,,,,,,,,,,,,,,,,,
20192014,2022:03:10,목,3:51:07 PM,version=0.1,Test,0,3,16,8,0.003023312,179.013,0.002345825,179.013,0.003842367,179.013,0.002576423,178.5958,0.003601569,178.5958,0.001789723,178.5958,0.06928299,2.391056,0.08235596,2.391056
20192014,2022:03:10,목,3:53:00 PM,version=0.1,Test,0,3,16,7,0.002068236,175.7109,0.002828984,175.7109,0.002692975,175.7109,0.002202639,177.2286,0.002320386,177.2286,0.002339516,177.2286,0.04906363,6.426326,,
20192014,2022:03:10,목,3:54:31 PM,version=0.1,Test,0,3,16,8,0.004482504,179.4615,0.003931475,179.4615,0.00506079,179.4615,0.00103106,178.4144,0.001723915,178.4144,0.001177148,178.4144,0.08563751,1.9202,0.06448116,1.9202
20192014,2022:03:10,목,3:56:19 PM,version=0.1,Test,0,3,16,8,0.003795269,179.2654,0.005548224,179.2654,0.002794982,179.2654,0.002221345,179.4175,0.002225041,179.4175,0.002245555,179.4175,0.0828484,0.5675176,0.07598534,0.5675176
20192014,2022:03:10,목,3:57:56 PM,version=0.1,Test,0,3,16,8,0.00404885,177.866,0.004505653,177.866,0.003605518,177.866,0.002851526,178.1752,0.004366179,178.1752,0.001339454,178.1752,0.08259793,1.454546,0.0690037,1.454546
20182032,2022:03:11,금,11:14:11 AM,version=0.1,Test,,Start,,,,,,,,,,,,,,,,,,
20182032,2022:03:11,금,11:16:12 AM,version=0.1,Test,0,3,16,8,0.00318419,176.6893,0.003491914,176.6893,0.003725928,176.6893,0.002986189,177.0925,0.003565367,177.0925,0.002514042,177.0925,0.05919331,5.860633,0.09726092,5.860633
20182032,2022:03:11,금,11:17:28 AM,version=0.1,Test,0,3,16,8,0.002178353,178.6657,0.002494165,178.6657,0.002977474,178.6657,0.001362805,178.9694,0.001038592,178.9694,0.00185837,178.9694,0.08183848,1.757026,0.07628801,1.757026
20182032,2022:03:11,금,11:18:32 AM,version=0.1,Test,0,3,16,7,0.003738546,176.1721,0.003091633,176.1721,0.004451708,176.1721,0.003350409,176.2138,0.002127438,176.2138,0.004683007,176.2138,0.05043086,7.523839,,
20182032,2022:03:11,금,11:19:51 AM,version=0.1,Test,0,3,16,8,0.001385812,178.3329,0.003395256,178.3329,0.001308145,178.3329,0.002931261,179.3259,0.003923968,179.3259,0.002316829,179.3259,0.07376386,2.131114,0.08468007,2.131114
20182032,2022:03:11,금,11:20:55 AM,version=0.1,Test,0,3,16,7,0.001679598,177.9615,0.002406689,177.9615,0.001778663,177.9615,0.001929208,175.4583,0.002595154,175.4583,0.002433726,175.4583,0.05410178,6.578914,,
20182032,2022:03:11,금,11:22:26 AM,version=0.1,Test,0,3,16,8,0.00234056,178.7928,0.002079817,178.7928,0.002719358,178.7928,0.002195987,179.0198,0.001666338,179.0198,0.003385996,179.0198,0.07537574,0.3784592,0.0763713,0.3784592
20202016,2022:03:11,금,11:52:51 AM,version=0.1,Test,,Start,,,,,,,,,,,,,,,,,,
20202016,2022:03:11,금,11:53:34 AM,version=0.1,Test,0,3,16,5,0.004064762,176.0692,0.004934402,176.0692,0.004205517,176.0692,0.06942923,4.033957,0.08580767,4.033957,,,,,,
20202016,2022:03:11,금,11:54:06 AM,version=0.1,Test,0,3,16,8,0.001716992,178.132,0.001077725,178.132,0.002778409,178.132,0.005150966,177.2946,0.004351601,177.2946,0.006064419,177.2946,0.07128474,0.9170658,0.07901924,0.9170658
20202016,2022:03:11,금,11:54:40 AM,version=0.1,Test,0,3,16,8,0.003795853,179.3538,0.003823461,179.3538,0.003889008,179.3538,0.003789749,175.3299,0.00304204,175.3299,0.005046025,175.3299,0.06549425,4.148929,0.08293664,4.148929
20202016,2022:03:11,금,11:55:10 AM,version=0.1,Test,0,3,16,8,0.007901709,178.5981,0.00687346,178.5981,0.009943674,178.5981,0.004868309,179.5277,0.007330652,179.5277,0.002641316,179.5277,0.07534354,1.314178,0.07886021,1.314178
20202016,2022:03:11,금,11:55:45 AM,version=0.1,Test,0,3,16,7,0.004692379,175.5995,0.004501259,175.5995,0.005106794,175.5995,0.006647326,177.9554,0.006863975,177.9554,0.006438054,177.9554,0.05237397,6.423091,,
20202016,2022:03:11,금,11:56:23 AM,version=0.1,Test,0,3,16,6,0.01199949,177.5858,0.0111099,179.8092,0.01024961,179.8092,0.01241305,179.8092,0.06278139,2.602034,0.09503683,2.602034,,,,
20192014,2022:03:11,금,12:37:05 PM,version=0.1,Test,,Start,,,,,,,,,,,,,,,,,,
20192014,2022:03:11,금,12:39:33 PM,version=0.1,Test,0,3,16,8,0.005715175,179.2978,0.006182338,179.2978,0.005248256,179.2978,0.002155005,178.6236,0.004599033,178.6236,0.001493395,178.6236,0.07747697,0.8928481,0.07580997,0.8928481
20192014,2022:03:11,금,12:41:00 PM,version=0.1,Test,0,3,16,8,0.004267624,177.948,0.003178556,177.948,0.006683,177.948,0.00435109,174.8849,0.004108617,174.8849,0.005529115,174.8849,0.06047967,3.063308,0.09518018,3.063308
20192014,2022:03:11,금,12:42:09 PM,version=0.1,Test,0,3,16,8,0.00399318,178.9997,0.004938986,178.9997,0.003392164,178.9997,0.003023213,179.7046,0.002641808,179.7046,0.003433122,179.7046,0.08170441,0.7925354,0.07722107,0.7925354
20192014,2022:03:11,금,12:44:14 PM,version=0.1,Test,0,3,16,7,0.002725033,178.3752,0.002915568,178.3752,0.002644884,178.3752,0.004812841,176.4497,0.004402522,176.4497,0.005279369,176.4497,0.04930263,5.172673,,
20192014,2022:03:11,금,12:45:21 PM,version=0.1,Test,0,3,16,8,0.003462665,177.8133,0.003898209,177.8133,0.003073854,177.8133,0.001240067,178.7131,0.001501709,178.7131,0.001326708,178.7131,0.05792771,3.455418,0.09452102,3.455418
20192014,2022:03:11,금,12:46:24 PM,version=0.1,Test,0,3,16,7,0.005211796,175.3302,0.005382883,175.3302,0.005230338,175.3302,0.003825257,177.5434,0.005543022,177.5434,0.002216726,177.5434,0.04725377,7.126538,,
20202033,2022:03:11,금,2:37:00 PM,version=0.1,Test,,Start,,,,,,,,,,,,,,,,,,
20202033,2022:03:11,금,2:39:42 PM,version=0.1,Test,0,3,16,8,0.001625766,179.3353,0.001989067,179.3353,0.001324361,179.3353,0.001945401,178.347,0.002130674,178.347,0.002413486,178.347,0.06801754,1.424503,0.08437876,1.424503
20202033,2022:03:11,금,2:40:40 PM,version=0.1,Test,0,3,16,8,0.000998435,178.7529,0.001669669,178.7529,0.001024242,178.7529,0.000961299,179.4226,0.001196228,179.4226,0.000753583,179.4226,0.07235367,1.317598,0.07992979,1.317598
20202033,2022:03:11,금,2:42:42 PM,version=0.1,Test,0,3,16,8,0.000932571,178.3343,0.000384028,178.3343,0.001538598,178.3343,0.002695207,176.899,0.002684097,176.899,0.00280554,176.899,0.07940967,1.651261,0.06803132,1.651261
20202033,2022:03:11,금,2:44:02 PM,version=0.1,Test,0,3,16,8,0.001948397,178.5143,0.00270494,178.5143,0.001372362,178.5143,0.002010631,179.2535,0.002348162,179.2535,0.001857721,179.2535,0.08460303,1.496194,0.06801488,1.496194
20202033,2022:03:11,금,2:45:44 PM,version=0.1,Test,0,3,16,8,0.002157501,177.7948,0.002698077,177.7948,0.001811662,177.7948,0.003197198,179.0224,0.002670125,179.0224,0.003756327,179.0224,0.07420069,2.586869,0.07715162,2.586869
20202033,2022:03:11,금,2:46:58 PM,version=0.1,Test,0,3,16,8,0.001144094,179.1524,0.002079299,179.1524,0.001530859,179.1524,0.001728907,178.8548,0.002648419,178.8548,0.001025824,178.8548,0.07288621,0.4614008,0.07806545,0.4614008
20202023,2022:03:11,금,3:23:23 PM,version=0.1,Test,,Start,,,,,,,,,,,,,,,,,,
20202023,2022:03:11,금,3:26:07 PM,version=0.1,Test,0,3,16,8,0.001977324,179.0408,0.002073617,179.0408,0.001884336,179.0408,0.004989195,179.5187,0.005048282,179.5187,0.004946937,179.5187,0.06843029,0.8062432,0.07770783,0.8062432
20202023,2022:03:11,금,3:27:11 PM,version=0.1,Test,0,3,16,8,0.00292181,179.2298,0.002311911,179.2298,0.003644079,179.2298,0.004413986,179.1607,0.004425456,179.1607,0.004696993,179.1607,0.07803231,0.3146578,0.07551452,0.3146578
20202023,2022:03:11,금,3:28:42 PM,version=0.1,Test,0,3,16,8,0.00303189,177.9474,0.004880774,177.9474,0.001849793,177.9474,0.00383883,177.4301,0.004962919,177.4301,0.003777328,177.4301,0.07474112,2.30656,0.07742389,2.30656
20202023,2022:03:11,금,3:30:58 PM,version=0.1,Test,0,3,16,8,0.002187356,179.1996,0.002121886,179.1996,0.00227578,179.1996,0.002984721,179.1411,0.003004636,179.1411,0.003051393,179.1411,0.07488623,0.276953,0.07683995,0.276953
20202023,2022:03:11,금,3:32:50 PM,version=0.1,Test,0,3,16,8,0.001888305,178.4583,0.000979049,178.4583,0.002899792,178.4583,0.004548496,178.6913,0.005112913,178.6913,0.004150263,178.6913,0.07068116,1.26625,0.08421361,1.26625
20202023,2022:03:11,금,3:33:47 PM,version=0.1,Test,0,3,16,8,0.002799855,178.7685,0.004005788,178.7685,0.001680662,178.7685,0.003040245,178.3114,0.004993494,178.3114,0.001332395,178.3114,0.06604336,2.152496,0.08794935,2.152496
